Característica,Importancia Promedio
cp_atypical angina,0.46160443130747303
exang_True,0.4336585770515434
ca_2.0,0.31699369320417115
thal_normal,0.24356098418708674
cp_non-anginal,0.2380212521281525
oldpeak_capped,0.2373781560503561
sex_Male,0.18320691603602382
chol_capped_imputed,0.16206023704116745
thalch_capped,0.1451271008597798
cp_typical angina,0.10348523654380642
chol_age_interaction,0.09275066163072267
age,0.0895618923421476
